{
  "TSMixer_336": [
    0.5200814206000359,
    0.5813653987369617,
    0.6228526960678573,
    0.6543445791186241,
    0.6802315334975719,
    0.7030537894033477,
    0.7232708184921648,
    0.7414208823654918,
    0.7577877505577635,
    0.772242634848808,
    0.7852959815194481,
    0.796967776940146,
    0.8075771757098846,
    0.8169608636619523,
    0.8252509487158386,
    0.8329039948957506,
    0.8397831710142782,
    0.8460612215389847,
    0.8516956240319996,
    0.857103860033385,
    0.8619381346995942,
    0.8665519433349255,
    0.8707263799433713,
    0.8748031527717831,
    0.8788292171282228,
    0.8826863346947357,
    0.8862659243794042,
    0.8896565280700451,
    0.8929325397367939,
    0.8960714082408231,
    0.8991946665581781,
    0.902353498855664,
    0.9054624578304356,
    0.9084675278922077,
    0.9113852440658957,
    0.914329615564493,
    0.9173030258360086,
    0.9202684450155357,
    0.9231033834483242,
    0.925935420525493,
    0.9287796295830049,
    0.931443411334767,
    0.9340071710472694,
    0.9364713390433462,
    0.9389828003989532,
    0.9413812023954233,
    0.9436928365501808,
    0.9459614239202346,
    0.948119084778009,
    0.9502627189399209,
    0.95234193254204,
    0.9543235728581203,
    0.9562267154507572,
    0.958057356326026,
    0.9598695031297393,
    0.9616381410096073,
    0.9633523953560507,
    0.9650432857091072,
    0.9666286459047114,
    0.9681609548843698,
    0.9697423237451585,
    0.9712683757417835,
    0.972811659539584,
    0.9743531637289561,
    0.9758703047351446,
    0.9773314007470617,
    0.9787645412288839,
    0.9802131346880923,
    0.981598703690106,
    0.9829478214832489,
    0.9842773711931659,
    0.9855710926634492,
    0.9868460692599182,
    0.9880942503816914,
    0.989335951753892,
    0.9905606285732937,
    0.9917818011739291,
    0.9929814776283457,
    0.9941298768151319,
    0.9952136423398042,
    0.9962919495691313,
    0.9973432673182105,
    0.9983928260143148,
    0.9994847151247086,
    1.0005523766943951,
    1.0015688084781869,
    1.0025522148399615,
    1.003503067684942,
    1.0044693607301451,
    1.0053858499595663,
    1.0062603481282713,
    1.0070771150250222,
    1.007914414971019,
    1.0087258991599084,
    1.0095316481695045
  ],
  "TSMixer_512": [
    0.4901701311193756,
    0.5561926750946441,
    0.5978585481832852,
    0.6285555606297567,
    0.6531556366052246,
    0.6746202057920163,
    0.694026016521966,
    0.7111565168653032,
    0.7257458581146784,
    0.738471782291308,
    0.7501078402821441,
    0.7602283710928168,
    0.7690047335805139,
    0.7767955866339616,
    0.7838600494439015,
    0.7905136190738995,
    0.796499332927051,
    0.8018394241388888,
    0.8067545156233246,
    0.8110455520485993,
    0.8149901308782864,
    0.8189190485625295,
    0.8227543851634255,
    0.8263553261116613,
    0.829907368196291,
    0.8333515614678617,
    0.8367974158382276,
    0.8401708033197792,
    0.84367648382904,
    0.8471311612066347,
    0.8503831436898327,
    0.8535595873254351,
    0.8566076275805244,
    0.8596247626637341,
    0.8626223889470566,
    0.8656741712230723,
    0.8686340348178055,
    0.871522689559497,
    0.8743549818661995,
    0.877256505881087,
    0.8801355911203427,
    0.8829387281043455,
    0.8856010284140939,
    0.888248602548847,
    0.8909487917466322,
    0.8936209817748749,
    0.8962505899439566,
    0.898881036072271,
    0.9014040893234778,
    0.9038106893002987,
    0.9060844591638306,
    0.9083376844471787,
    0.9104672181425849,
    0.9125579099915921,
    0.9146093428344466,
    0.9165824591182172,
    0.9184794558008434,
    0.9203604238707339,
    0.9221595469041495,
    0.9239427249220898,
    0.9257545068586478,
    0.9275376086146571,
    0.9292961331520928,
    0.9310296117665712,
    0.932655800737557,
    0.9342390325758606,
    0.9358267584891291,
    0.9373393880727235,
    0.938798003414413,
    0.9402363223629072,
    0.9416292733402224,
    0.9430075997172389,
    0.9443831544579007,
    0.9457140179147245,
    0.9469899614294991,
    0.9482018514949595,
    0.9493984195002122,
    0.9505622902151663,
    0.951698059628834,
    0.9528128884069156,
    0.9539176680566743,
    0.9549696123134345,
    0.9560332147026201,
    0.9571051998663461,
    0.9582025013695238,
    0.9592616873519728,
    0.9603190807451029,
    0.9613644413411384,
    0.9623337283392902,
    0.963300841175369,
    0.9642303459043614,
    0.9651886546798051,
    0.9661710193910403,
    0.9671455322409748,
    0.9680983630142873
  ],
  "TSMixer_720": [
    0.47963205373467643,
    0.5394632103589538,
    0.579984767476999,
    0.6099558580118173,
    0.6350781988340896,
    0.6562417036035914,
    0.6742449490554282,
    0.6898792680641054,
    0.7040034764958546,
    0.7161692518810742,
    0.7274500789595186,
    0.7373012018718873,
    0.7458421654731501,
    0.7535741905635223,
    0.760424908605637,
    0.7667491870568484,
    0.7725297720250092,
    0.7777528416502173,
    0.7823870035153232,
    0.786691836513637,
    0.7906877480816911,
    0.7945080620868248,
    0.7981288364718785,
    0.8017118089820724,
    0.8052117342280689,
    0.8087128068611491,
    0.8120502304710681,
    0.8152276083792094,
    0.8183679123202455,
    0.8214303807623219,
    0.8243795798547217,
    0.8274141168565257,
    0.8303872450150084,
    0.8333685132910614,
    0.8363184798831935,
    0.839197059274884,
    0.8420761229770142,
    0.8449406626514974,
    0.8477426306536654,
    0.8505676468921592,
    0.8533377258703695,
    0.8560645599098643,
    0.8587349889060715,
    0.861337992453482,
    0.8638070087166853,
    0.8662405304505956,
    0.8686485351115698,
    0.8709698260214646,
    0.8733024244647822,
    0.8755734197306446,
    0.8777090437102015,
    0.879824688694789,
    0.8819583897045231,
    0.88406813271984,
    0.8861365276467404,
    0.888250918991107,
    0.8902952975471271,
    0.8923171140291379,
    0.8942574273416539,
    0.8961748006218113,
    0.8980806219027727,
    0.8999469748768024,
    0.9018024078078452,
    0.9035360161296557,
    0.905245434010867,
    0.9069189963352983,
    0.9084831552262768,
    0.9099782231892459,
    0.911519733859459,
    0.9130336614570115,
    0.9144544079355547,
    0.9157936743754544,
    0.9171571255419986,
    0.9184620110914693,
    0.9197373522477573,
    0.9209604412570479,
    0.9221489172391011,
    0.923272874885879,
    0.9243729620732484,
    0.9254931944276905,
    0.9265884047732107,
    0.9276359634628171,
    0.9286227153649088,
    0.9296314324310515,
    0.9305932956555626,
    0.9315259987406899,
    0.9324665348924464,
    0.9333958674839232,
    0.9342953175603179,
    0.9352125676797004,
    0.9360958237660816,
    0.9369878650997998,
    0.9378430449886946,
    0.9386814372043591,
    0.9395385488448664
  ],